Model,Model1
1,100
1,95.71010114
1,93.92619327
1,94.56619327
1,94.70104528
1,95.82069454
1,93.91695252
1,100
1,93.91095252
1,94.60048972
2,100
2,98.68887314
2,100
2,94.06449327
2,96.10205528
2,100
2,100
2,97.82069454
2,96.29695252
2,97.51948972
